Izendbizi,Nomdbizi,IzenKalea,Ataria,Kopurua,Numplazas,Deskontua,Descuento,X_erts89,Y_erts89,INFO
Udaletxea,Ayuntamiento,IJENTEA,2,24,24,EZ,NO,582288.9084017727,4797043.875592205,https://www.dbizi.eus/
Andia,Andia,ANDIA,1,23,23,EZ,NO,582497.3550997325,4796912.092416289,https://www.dbizi.eus/
Frantzia pasealekua,Paseo de Francia,FRANCIA,PS DE,22,25,25,EZ,NO,582926.1637406601,4796620.90168732,https://www.dbizi.eus/
San Frantzisko-Galtzada Nagusia,San Francisco-Gran Vía,SAN FRANCISCO,24,20,20,EZ,NO,583238.5822893487,4797325.278313495,https://www.dbizi.eus/
Tolosa Hiribidea-Irakasle eskola,Avenida Tolosa-Escuela de Magisterio,TOLOSA,AV DE,14,19,19,EZ,NO,580379.8635137284,4795908.156764488,https://www.dbizi.eus/
Cortazar Arkitektoak,Arquitectos Cortazar,ARQUITECTOS CORTAZAR,3,15,15,EZ,NO,582816.1064568406,4795528.03413735,https://www.dbizi.eus/
Easo plaza,Easo plaza,EASO,,23,23,EZ,NO,582572.0047281446,4796109.305821179,https://www.dbizi.eus/
Zarautz,Zarautz,ZARAUTZ,1,15,15,EZ,NO,580619.9907454737,4795988.70037007,https://www.dbizi.eus/
Isabel II,Isabel II,ISABEL II,AV DE,15,20,20,EZ,NO,583050.9151190149,4795132.524642163,https://www.dbizi.eus/
Humboldt,Humboldt,HUMBOLDT,4,20,20,EZ,NO,583424.3199321172,4795761.186679823,https://www.dbizi.eus/
Sagastieder,Sagastieder,GALICIA,PS DE,5,20,20,EZ,NO,584622.1030287172,4796129.401730715,https://www.dbizi.eus/
Arrasate,Arrasate,ARRASATE,18,16,16,EZ,NO,582584.8022784921,4796670.951499825,https://www.dbizi.eus/
San Frantzisko-Nafarroa,San Francisco-Navarra,SAN FRANCISCO,52,15,15,EZ,NO,583423.4541184662,4797505.681592929,https://www.dbizi.eus/
Santa Katalina Plazatxoa,Santa Katalina Plazatxoa,SANTA CATALINA,1,15,15,EZ,NO,582700.5079656544,4796998.854756067,https://www.dbizi.eus/
San Martzial,San Marcial,SAN MARCIAL,11,15,15,EZ,NO,582651.4451920928,4796772.2108887695,https://www.dbizi.eus/
Miraflores Markesa,Marques de Miraflores,MARQUES MIRAFLORES,,19,19,EZ,NO,582223.3869229963,4796522.291759086,https://www.dbizi.eus/
Urdaneta,Urdaneta,URDANETA,13,18,18,EZ,NO,582493.0012939442,4796383.050101323,https://www.dbizi.eus/
Peña y Goñi,Peña y Goñi,COLON,PS DE,9,15,15,EZ,NO,582921.3399217469,4797161.581633481,https://www.dbizi.eus/
San Frantzisko-Iparragirre,San Francisco-Iparragirre,SAN FRANCISCO,1,15,15,EZ,NO,583073.310832123,4797166.840563041,https://www.dbizi.eus/
Bermingham,Bermingham,BERMINGHAM,27,15,15,EZ,NO,583392.2271061171,4797284.146685719,https://www.dbizi.eus/
Segundo Ispizua,Segundo Ispizua,SEGUNDO ISPIZUA,31,15,15,EZ,NO,583516.4589962814,4797304.462550484,https://www.dbizi.eus/
Atarizar,Atarizar,ATARIZAR,26,15,15,EZ,NO,584340.1116454809,4797017.4909627205,https://www.dbizi.eus/
Teresa de Calcuta,Teresa de Calcuta,TERESA DE CALCUTA,PZ,,15,15,EZ,NO,583065.510263419,4796892.906321564,https://www.dbizi.eus/
Tabakalera,Tabakalera,ANDRE ZIGARROGILEAK,1,19,19,EZ,NO,583111.2004866634,4796532.269728099,https://www.dbizi.eus/
Karmengo Andre Maria,Virgen del Carmen,VIRGEN DEL CARMEN,15,20,20,BAI,SI,583403.3754876053,4796526.220959309,https://www.dbizi.eus/
Barcelona,Barcelona,BARCELONA,AV DE,41,15,15,EZ,NO,583353.6448006559,4795978.4824498985,https://www.dbizi.eus/
Euskal Kortsarioak,Corsarios Vascos,CORSARIOS VASCOS,,19,19,EZ,NO,583295.6270401889,4795320.276425831,https://www.dbizi.eus/
Podavines,Podavines,PODAVINES,6,19,19,EZ,NO,582736.6577470482,4794935.974649346,https://www.dbizi.eus/
Gabriel Celaya Plaza,Plaza Gabriel Celaya,GABRIEL CELAYA,PZ DE,,15,15,EZ,NO,584859.57,4796508.67,https://www.dbizi.eus/
Morlans,Morlans,MORLANS,PS DE,1,15,15,EZ,NO,582478.1670200556,4795575.064564442,https://www.dbizi.eus/
Antso Jakituna,Sancho el Sabio,SANCHO EL SABIO,AV,2,15,15,EZ,NO,582683.1587092554,4795867.065128571,https://www.dbizi.eus/
Urbia,Urbia,URBIA,,19,19,EZ,NO,583736.2189926154,4795850.318537292,https://www.dbizi.eus/
Aintzieta,Aintzieta,AINTZIETA,PS DE,22,23,23,BAI,SI,584247.3,4795106.97,https://www.dbizi.eus/
Tranbia,Tranvía,TRANBIA,17,19,19,BAI,SI,584835.6044292306,4794231.038137134,https://www.dbizi.eus/
Kristina infanta,Infanta Cristina,INFANTA CRISTINA,17,15,15,EZ,NO,580742.3838123599,4796215.804143754,https://www.dbizi.eus/
Tolosa Hiribidea-Psikologia,Avenida Tolosa-Psicología,TOLOSA,AV DE,70,17,17,EZ,NO,580412.327402722,4795370.616179319,https://www.dbizi.eus/
Bernardo Estornes L.,Bernardo Estornes L.,BERNARDO ESTORNES L.,,17,17,EZ,NO,580483.5467599069,4794968.907945869,https://www.dbizi.eus/
Tolosa Hiribidea-Amerika,Avenida Tolosa-América,AMERICA,PZ DE,,15,15,EZ,NO,580851.344398888,4794835.4651077725,https://www.dbizi.eus/
Xabier Lizardi,Xabier Lizardi,XABIER LIZARDI,13,15,15,EZ,NO,580733.4700546758,4794776.557098327,https://www.dbizi.eus/
Berio,Berio,BERIO,PS DE,26,19,19,BAI,SI,579760.3449859219,4795343.121775726,https://www.dbizi.eus/
Munto,Munto,MUNTO,76,15,15,BAI,SI,581640.034,4795390.91,https://www.dbizi.eus/
Errondogaina,Alto de Errondo,ALTO DE ERRONDO,113,16,16,BAI,SI,582068.5794421822,4794703.152039715,https://www.dbizi.eus/
Andoain,Andoain,ANDOAIN,44,23,23,BAI,SI,581785.9861123123,4794512.060935756,https://www.dbizi.eus/
Javier Barkaiztegi,Javier Barkaiztegi,JAVIER BARKAIZTEGI,5,19,19,EZ,NO,582677.7576812415,4795290.802425179,https://www.dbizi.eus/
Bretxa,Bretxa,BOULEVARD,AL DEL,2,15,15,EZ,NO,582504.7103928446,4797172.3694376545,https://www.dbizi.eus/
Tolosa Hiribidea-Karlos Santamaria,Avenida Tolosa-Carlos Santamaria,EUROPA,PZ DE,3,25,25,EZ,NO,580234.5717372319,4795612.856871927,https://www.dbizi.eus/
Herrera,Herrera,ALCALDE J.ELOSEGI,AV,128,19,19,BAI,SI,586072.84,4796872.74,https://www.dbizi.eus/
Harrobieta plazatxoa,Harrobieta plazatxoa,HARROBIETA PL.,0,18,18,,,586451.14,4796650.93,https://www.dbizi.eus/
Altza Kiroldegia,Polideportivo Altza,CASARES PAS.,153,15,15,BAI,SI,586919.2,4796765.06,https://www.dbizi.eus/
Larratxo,Larratxo,LARRATXO PAS.,24,15,15,,,586019.26,4796136.5,https://www.dbizi.eus/
Julio Urkixo,Julio Urkixo,JULIO URKIXO PAS.,44,19,19,,,585697.35,4797304.68,https://www.dbizi.eus/
Bera Bera,Bera Bera,ZUHAIXKEN PAS.,2,15,15,,,581622.13,4794840.74,https://www.dbizi.eus/
Pagola-Lugaritz,Pagola-Lugaritz,BERABERA PAS.,57,19,19,,,581216.29,4794887,https://www.dbizi.eus/
San Martzial plaza,San Martzial plaza,SAN MARTZIAL PL.,,14,14,,,586390.25,4796268.3,https://www.dbizi.eus/
Txaparrene,Txaparrene,TXAPARRENE PAS.,26,19,19,,,584992.08,4796902.84,https://www.dbizi.eus/
Erregezaintza,Escolta Real,ESCOLTA REAL,28,18,18,,,581013.47,4795996.17,https://www.dbizi.eus/
Pio Baroja,Pio Baroja,PIO BAROJA, PAS.,20,15,15,,,581470.09,4795819.13,https://www.dbizi.eus/
Sert,Sert,SERT, PL,,0,0,,,580599.88,4795793.79,https://www.dbizi.eus/
Txapillo,Txapillo,TXAPILLO,2,19,19,,,582330.41,4794648.36,https://www.dbizi.eus/
Añorga Txiki,Añorga Txiki,AÑORGA, AV,,19,19,,,581293.64,4793423.51,https://www.dbizi.eus/
Olaeta,Ferrerias,FERRERIAS, PL,7,15,15,,,583077.6,4794957.83,https://www.dbizi.eus/
Ametzagaña,Ametzagaña,AMETZAGAÑA,47,14,14,,,583687.11,4796627.78,https://www.dbizi.eus/
Zabaleta,Zabaleta,ZABALETA,35,19,19,,,583151.89,4797347.52,https://www.dbizi.eus/
Zuhaizti,Zuhaizti,ZUHAIZTI, PL,,19,19,,,583139.22,4796994.63,https://www.dbizi.eus/
Berio,Berio,BERIO,PS DE,42,15,15,BAI,SI,587408.47,4797034.06,https://www.dbizi.eus/
Buenavista,Buenavista,BUENAVISTA HIRIB.,12,19,19,BAI,SI,586919.2,4796765.06,https://www.dbizi.eus/
Moraza,Moraza,MORAZA,1,19,19,,,582730.79,4796279.83,https://www.dbizi.eus/
Nornahi,Nornahi,NORNAHI,PZ DE,1,19,19,,,586009.5,4797169.46,https://www.dbizi.eus/
Satrustegi,Satrustegi,SATRUSTEGI HIRIB.,1,15,15,EZ,NO,581022.72,4796305.96,https://www.dbizi.eus/
